Year,AQI,CO,Temp,Humidity,Precipitation,
2015,127.690608,0.748287,26.819635,51.720091,0.039897,   
2016,121.851093,0.821107,26.253301,54.376480,0.045048,  
2017,112.439726,0.254301,27.177968,47.469749,0.041450,        
2018,97.556164,0.621726,27.814384,47.174087,0.047454,        
2019,93.980822,0.570110,28.015639,55.852740,0.235377,
