Year,AQI,CO,Temp,Humidity,Precipitation,Population,Malaria_Cases,Malaria_Death,Dengue_Cases,Kalaazar_Cases
2015,127.690608,0.748287,26.819635,51.720091,0.039897,49,576,777,25152,3,805,4
2014,121.851093,0.821107,26.253301,54.376480,0.045048,49,576,777,33393,20,910,0
2013,112.439726,0.254301,27.177968,47.469749,0.041450,49,576,777,34949,5,2299,7      
2012,97.556164,0.621726,27.814384,47.174087,0.047454,49,576,777,24699,2,1209,0        
2011,93.980822,0.570110,28.015639,55.852740,0.235377,49,576,777,13351,0,776,1
