Year,AQI,CO,Temp,Humidity,Precipitation,
2015,297.024658,5.255151,26.665183,38.453311,0.032158,
2016,301.035519,1.610082,27.001366,37.858379,0.016393,      
2017,252.247945,0.697753,27.483105,35.196689,0.017146,       
2018,249.158904,1.407068,28.009132,36.552055,0.031678,        
2019,232.104110,1.371616,30.222603,37.326941,0.086370,

