Year,AQI,CO,Temp,Humidity,Precipitation,Population,Rainfall,Malaria_Cases,Malaria_Death,Dengue_Cases,Kalaazar_Cases,Rainfall
2015,297.024658,5.255151,26.665183,38.453311,0.032158,16787941,169,0,847,0,435.3
2014,301.035519,1.610082,27.001366,37.858379,0.016393,16787941,251,0,5574,6,305.5      
2013,252.247945,0.697753,27.483105,35.196689,0.017146,16787941,413,0,2093,11,461.2       
2012,249.158904,1.407068,28.009132,36.552055,0.031678,16787941,382,0,1131,19,391.2        
2011,232.104110,1.371616,30.222603,37.326941,0.086370,16787941,303,0,6259,92,512.5