Year,AQI,CO,Temp,Humidity,Precipitation,
2015,106.497260,5.482808,23.849087,65.878425,0.061587,   
2016,104.532787,1.301858,23.949226,63.342668,0.050979,  
2017,87.149315,1.052904,24.145434,63.423059,0.081233,        
2018,86.419178,0.945671,24.631050,60.087557,0.074178,      
2019,91.602740,0.901753,25.017466,62.811986,0.226941,