Year,AQI,CO,Temp,Humidity,Precipitation,Population,Malaria_Cases,Malaria_Death,Dengue_Cases,Kalaazar_Cases
2015,106.497260,5.482808,23.849087,65.878425,0.061587,61095297,36859,0,2842,354   
2014,104.532787,1.301858,23.949226,63.342668,0.050979,61095297,44319,11,6408,595  
2013,87.149315,1.052904,24.145434,63.423059,0.081233,61095297,24237,0,3924,995       
2012,86.419178,0.945671,24.631050,60.087557,0.074178,61095297,16466,0,405,1962     
2011,91.602740,0.901753,25.017466,62.811986,0.226941,61095297,10170,5,2285,1482