Year,AQI,CO,Temp,Humidity,Precipitation,Population,Malaria_Cases
2015,75.551104,0.000000,27.694406,66.351484,0.115354,112,374,333,93818  
2016,74.654538,0.000000,27.136043,67.408698,0.181432,112,374,333,139198  
2017,73.757972,0.000000,27.697374,66.217580,0.125240,112,374,333,96577      
2018,92.953771,1.575260,28.235616,64.683219,0.083447,112,374,333,58517    
2019,107.950685,1.271740,28.382763,67.288242,0.34609,112,374,333,37068