Year,AQI,CO,Temp,Humidity,Precipitation,Population,Malaria_Cases,Malaria_Death,Dengue_Cases,Kalaazar_Cases,Rainfall
2015,75.551104,0.000000,27.694406,66.351484,0.115354,112374333,93818,58,6485,0,644.5  
2014,74.654538,0.000000,27.136043,67.408698,0.181432,112374333,139198,96,5610,0,838.0  
2013,73.757972,0.000000,27.697374,66.217580,0.125240,112374333,96577,118,2931,0,836.0      
2012,92.953771,1.575260,28.235616,64.683219,0.083447,112374333,58517,200,1138,0,689.8    
2011,107.950685,1.271740,28.382763,67.288242,0.34609,112374333,37068,227,1485,0,852.6