Year,AQI,CO,Temp,Humidity,Precipitation,Population,Malaria_Cases
2015,161.479452,2.380151,24.734703,55.760274,0.048790,72,147,030,14988
2016,136.199454,1.129003,24.312500,57.611758,0.054474,72,147,030,17086       
2017,104.343836,0.220877,24.746918,57.843579,0.060502,72,147,030,22171        
2018,105.490411,0.870411,25.424886,56.199429,0.055639,72,147,030,18869      
2019,102.942466,0.864027,26.176256,53.920776,0.204041,72,147,030,13075

