Year,AQI,CO,Temp,Humidity,Precipitation,Population,Malaria_Cases,Dengue_Cases,Kalaazar_Cases
2015,308.276013,12.862882,27.936073,46.130251,0.063881,199,812,341,55437,0,119,11
2014,323.836867,13.326556,27.604850,48.134677,0.067953,199,812,341,64606,0,1414,11      
2013,283.153320,91.218036,27.779452,45.797146,0.056644,199,812,341,56968,0,342,5      
2012,622.550685,33.369493,28.118379,44.859817,0.062089,199,812,341,47400,0,155,11        
2011,519.804110,25.995068,28.867009,49.020890,0.275445,199,812,341,41891,0,960,14

