Year,AQI,CO,Temp,Humidity,Precipitation,
2015,308.276013,12.862882,27.936073,46.130251,0.063881,
2016,323.836867,13.326556,27.604850,48.134677,0.067953,      
2017,283.153320,91.218036,27.779452,45.797146,0.056644,      
2018,622.550685,33.369493,28.118379,44.859817,0.062089,        
2019,519.804110,25.995068,28.867009,49.020890,0.275445,

